method,dt_days,max_position_error_au,max_energy_error
Euler,4.0,2.3649427823111573,0.3665590194427633
Velocity-Verlet,4.0,0.010343848398303174,5.564276806775521e-06
RK4,4.0,4.489371969345887e-06,2.685652902210383e-07
Yoshida4,4.0,0.00013127964578978245,5.33188811182555e-10
Euler,2.0,1.5310006920686183,0.24445596506194422
Velocity-Verlet,2.0,0.0025892143084550604,3.4964799412660907e-07
RK4,2.0,2.4137537307120477e-07,8.432668571086686e-09
Yoshida4,2.0,8.198438490462346e-06,2.0841551319294086e-12
Euler,1.0,0.8853261058854542,0.1532747370972787
Velocity-Verlet,1.0,0.0006475177870364395,2.1882530232172436e-08
RK4,1.0,1.396349656018661e-08,2.627526013595193e-10
Yoshida4,1.0,5.123040412191281e-07,6.527944660459622e-15
Euler,0.5,0.4795605143817003,0.08922655036477246
Velocity-Verlet,0.5,0.0001618922524281723,1.3681272947335936e-09
RK4,0.5,8.41095397580488e-10,8.20323285848891e-12
Yoshida4,0.5,3.2017527240778314e-08,6.310346505110968e-15
Euler,0.25,0.25004063804880444,0.04883095853003869
Velocity-Verlet,0.25,4.0473895587067116e-05,8.551868622988524e-11
RK4,0.25,5.1591630886490655e-11,2.5480743991327393e-13
Yoshida4,0.25,2.001045007403973e-09,6.310346505110968e-15
Euler,0.125,0.12757908902913426,0.02564415087008268
Velocity-Verlet,0.125,1.0118523923633966e-05,5.34486348982899e-12
RK4,0.125,3.211183203243659e-12,1.5884665340451746e-14
Yoshida4,0.125,1.249885717207976e-10,2.567658233114118e-14
