steps_per_orbit,orbits,method,samples_per_orbit,max_relative_energy_error,max_position_error_a,final_position_error_a,max_unwrapped_true_longitude_error_rad,final_unwrapped_true_longitude_error_rad,runtime_s
5000,1000,Velocity-Verlet,200,0.003941714234564131,2.015065477228297,1.9950934585417368,37.72371325704171,35.00802228824068,2.3956340140002794
5000,1000,RK4,200,0.00011407462205581531,0.9657994383388562,0.9621208491258847,4.7742542638434315,2.6252230572945336,0.7011192999998457
5000,1000,Yoshida4,200,3.914612357380776e-06,0.1494601755495685,0.14627189322020026,1.341557593460493,1.228049553648816,0.7982555109992973
10000,1000,Velocity-Verlet,200,0.0009850021612507476,2.0017758079520163,1.9317417495862474,12.095956510694123,9.441129166215433,0.36793238100017334
10000,1000,RK4,200,3.5761207872742062e-06,0.07208026988662374,0.07208026988662374,0.6850641849487147,0.6850641849487147,0.7432259900006102
10000,1000,Yoshida4,200,2.455618721697306e-07,0.01008168161578101,0.01008168161578101,0.10071046263055905,0.10071046263055905,0.996364299000561
20000,1000,Velocity-Verlet,200,0.000246223918875188,1.879952022285659,1.879952022285659,5.6782727264389905,3.046272591592242,0.6450230270002066
20000,1000,RK4,200,1.1254393195159196e-07,0.002344502363816998,0.002344502363816998,0.02344367328714725,0.02344367328714725,1.5608837669997229
20000,1000,Yoshida4,200,1.5361846905648235e-08,0.0006309256715656561,0.0006309256715656561,0.006309230598162685,0.006309230598162685,1.9262695799998255
