method,steps_per_orbit,dt,runtime_s,force_evaluations,max_position_error_a_units,max_relative_energy_error,rhs_evaluations
Euler,100.0,0.06283185307179587,0.014317722000669164,100,45.020666526556305,53.94244066023222,
Euler,300.0,0.020943951023931952,0.05608686300001864,300,20.72741830965951,12.135880094226621,
Euler,1000.0,0.006283185307179587,0.10824349999984406,1000,10.787789627495876,3.4397285263864004,
Euler,3000.0,0.0020943951023931952,0.36265973700028553,3000,6.0326134898883295,1.1668450951463423,
Euler,10000.0,0.0006283185307179586,0.33984423599940783,10000,3.061522594653549,0.3545724204693607,
Euler,30000.0,0.00020943951023931953,0.583307904999856,30000,1.585223923283688,0.1187282341843916,
Euler,100000.0,6.283185307179586e-05,1.0850352179995753,100000,0.7395144121959875,0.035679034923111426,
Velocity-Verlet,100.0,0.06283185307179587,0.00981091199992079,100,26.438973067788492,19.290644491540853,
Velocity-Verlet,300.0,0.020943951023931952,0.03213045900065481,300,6.343059423900744,1.3504727066536233,
Velocity-Verlet,1000.0,0.006283185307179587,0.10649215700050263,1000,1.3793354707010872,0.09985034279495683,
Velocity-Verlet,3000.0,0.0020943951023931952,0.34988346499994805,3000,0.31636223848809386,0.010960316082889752,
Velocity-Verlet,10000.0,0.0006283185307179586,0.3111816760001602,10000,0.037619461173387256,0.0009849430587682419,
Velocity-Verlet,30000.0,0.00020943951023931953,0.5255521270000827,30000,0.004205600046642256,0.00010943024241351236,
Velocity-Verlet,100000.0,6.283185307179586e-05,1.2883354069999768,100000,0.0003784877814134917,9.848142991367512e-06,
RK4,100.0,0.06283185307179587,0.013479170999744383,400,3.058714000464286,0.37142292024032414,
RK4,300.0,0.020943951023931952,0.041088227999352966,1200,1.246418746377358,0.22030108141941407,
RK4,1000.0,0.006283185307179587,0.13976231100059522,4000,0.017671961584274493,0.0004311479437802678,
RK4,3000.0,0.0020943951023931952,0.42133635800018965,12000,0.00015573667865688683,3.7911930041212246e-06,
RK4,10000.0,0.0006283185307179586,0.651890357999946,40000,1.0872967835824023e-06,2.6468919649698045e-08,
RK4,30000.0,0.00020943951023931953,1.5941737180000928,120000,1.2817758783415201e-08,3.120473501040135e-10,
RK4,100000.0,6.283185307179586e-05,4.811644423999496,400000,1.0485495361365556e-10,2.5715971710506997e-12,
Yoshida4,100.0,0.06283185307179587,0.013006185999984154,300,31.02116659402469,24.994614166489814,
Yoshida4,300.0,0.020943951023931952,0.036078389000067546,900,1.4241868768292834,0.3160616879753472,
Yoshida4,1000.0,0.006283185307179587,0.12186748499971145,3000,0.08662640203064552,0.0021520136578079383,
Yoshida4,3000.0,0.0020943951023931952,0.36969042000055197,9000,0.0012298952281946927,2.9941889344810757e-05,
Yoshida4,10000.0,0.0006283185307179586,0.5105405820004307,30000,1.0087079151537116e-05,2.455608020807523e-07,
Yoshida4,30000.0,0.00020943951023931953,1.161994944000071,90000,1.2466602566337087e-07,3.034900979366035e-09,
Yoshida4,100000.0,6.283185307179586e-05,3.355594022999867,300000,1.0112710886792112e-09,2.4677083722926735e-11,
DOP853 (adaptive),,,,2975,1.1132450481531966e-11,,2975.0
